id,vehicle_no,odometer,latitude,longitude,speed,distance,car_battery_voltage,dev_battery_voltage,create_date_time,beacon_date_time,source_id,distance_to_target
98153725,MH14LL2853,2991.7922,18.508796166666663,73.868273,24.51,46.38691,51.1884,4.0028,2025-01-01 16:24:17.000,2025-01-01 16:23:58.868,1,6070.218901848453
98154082,MH14LL2853,2991.9822,18.510491833333333,73.86835166666667,0.62,46.5768,50.851,4.0016,2025-01-01 16:25:17.000,2025-01-01 16:24:58.868,1,5991.8378170932765
98122652,MH14LL2853,2975.4487,18.4668265,73.882899,10.68,30.044384,51.2607,4.0016,2025-01-01 15:01:07.000,2025-01-01 15:00:58.868,1,8094.201441802749
98123048,MH14LL2853,2975.7166,18.466900666666668,73.88038666666667,14.79,30.311993,50.6823,4.0016,2025-01-01 15:02:07.000,2025-01-01 15:01:58.868,1,8223.067665070335
98123052,MH14LL2858,2519.396,18.53116733333333,73.929579,5.12,3.5808463,51.1161,4.0052,2025-01-01 15:02:07.000,2025-01-01 15:01:27.106,1,889.5268095061249
98123423,MH14LL2853,2976.0208,18.466294833333333,73.87787783333333,4.9,30.616379,50.7064,4.0005,2025-01-01 15:03:08.000,2025-01-01 15:02:58.868,1,8421.259316176138
98123427,MH14LL2858,2519.4543,18.53166433333333,73.929518,1.01,3.6390514,51.333,4.0052,2025-01-01 15:03:08.000,2025-01-01 15:02:27.106,1,891.7686668931486
98123811,MH14LL2853,2976.271,18.464735333333334,73.877547,14.3,30.866524,51.5499,4.0016,2025-01-01 15:04:08.000,2025-01-01 15:03:58.868,1,8585.393189196484
98123832,MH14LX0059,4062.3633,18.48195233333333,73.9419315,0.25,0.3203108,52.1765,3.6478,2025-01-01 15:04:08.000,2025-01-01 15:03:50.892,1,5766.49025046531
98124206,MH14LL2853,2976.5498,18.462239,73.87765766666666,14.96,31.145159,51.333,4.0016,2025-01-01 15:05:08.000,2025-01-01 15:04:58.868,1,8813.606244089164
98124224,MH14LX0059,4062.3652,18.481957,73.94192783333334,0.19,0.3222606,52.0801,3.6466,2025-01-01 15:05:08.000,2025-01-01 15:04:30.892,1,5765.8654490569215
98124621,MH14LL2853,2976.8262,18.461267166666666,73.87596183333333,16.46,31.421741,51.3571,4.0016,2025-01-01 15:06:09.000,2025-01-01 15:05:58.868,1,8999.362909786912
98124625,MH14LL2857,2927.9553,18.531358666666662,73.92877733333333,0.29,0.4118428,52.1765,4.0462,2025-01-01 15:06:09.000,2025-01-01 15:04:46.090,1,808.833952232433
98124647,MH14LX0059,4062.368,18.48196283333333,73.94193033333333,0.16,0.3250166,51.092,3.6466,2025-01-01 15:06:09.000,2025-01-01 15:05:50.892,1,5765.3681365781595
98154420,MH14LL6185,2094.3225,18.586918333333333,73.82351666666666,2.29,0.78652453,52.0319,3.6103,2025-01-01 16:26:17.000,2025-01-01 16:25:00.627,1,12077.107801192698
98124950,MH14LL2853,2977.1436,18.4611885,73.87295516666667,13.42,31.739113,51.5017,4.0016,2025-01-01 15:07:09.000,2025-01-01 15:06:58.868,1,9179.185877861912
98124953,MH14LL2857,2927.9658,18.53144033333333,73.9288055,0.0,0.42232,51.4535,4.0462,2025-01-01 15:07:09.000,2025-01-01 15:06:42.585,1,813.2965459553928
98124964,MH14LL2840,2347.065,18.5313825,73.92878216666666,1.9,0.20940454,48.9712,3.9958,2025-01-01 15:07:09.000,2025-01-01 15:06:46.942,1,809.774751826275
98124969,MH14LX0059,4062.37,18.48195733333333,73.94193016666667,0.11,0.3271081,51.5258,3.6466,2025-01-01 15:07:09.000,2025-01-01 15:06:50.892,1,5765.924756915214
98125357,MH14LL2853,2977.3796,18.461106666666662,73.8707185,10.19,31.97545,51.6222,4.0016,2025-01-01 15:08:09.000,2025-01-01 15:07:58.868,1,9319.846797720254
98125376,MH14LX0059,4062.3726,18.481960666666662,73.9419235,0.37,0.32954153,51.7668,3.6454,2025-01-01 15:08:09.000,2025-01-01 15:07:50.892,1,5765.316378384374
98125746,MH14LL2853,2977.6575,18.460934666666667,73.86810166666666,16.76,32.2531,52.1042,4.0005,2025-01-01 15:09:09.000,2025-01-01 15:08:58.869,1,9496.054792304221
98126087,MH14LL2853,2977.9668,18.462082666666667,73.86558783333334,24.96,32.56234,52.2006,4.0016,2025-01-01 15:10:08.000,2025-01-01 15:09:58.868,1,9554.721648199358
98126165,MH14LL2803,369.31958,18.531345166666668,73.92879966666666,1.27,0.88170505,52.1042,4.1048,2025-01-01 15:10:08.000,2025-01-01 15:09:40.756,1,810.9165093294608
98126462,MH14LL2853,2978.294,18.464842666666662,73.86461566666667,18.23,32.88962,51.9114,4.0016,2025-01-01 15:11:09.000,2025-01-01 15:10:58.868,1,9380.756627888311
98126839,MH14LX0065,3790.7288,18.53139883333333,73.92868566666667,3.06,1.0678362,51.1402,3.6525,2025-01-01 15:12:09.000,2025-01-01 15:12:04.156,1,800.0399670882704
98126859,MH14LL2853,2978.6765,18.4682545,73.86420266666667,20.61,33.27221,51.8632,4.0005,2025-01-01 15:12:09.000,2025-01-01 15:11:58.868,1,9121.596976035791
98127216,MH14LX0065,3790.7693,18.531293,73.92868883333334,0.25,1.1084274,51.2366,3.6548,2025-01-01 15:13:09.000,2025-01-01 15:13:04.156,1,798.4423305998185
98127235,MH14LL2853,2979.0322,18.468931166666668,73.86130466666667,8.44,33.628124,51.4294,4.0016,2025-01-01 15:13:09.000,2025-01-01 15:12:58.868,1,9271.556420321735
98127601,MH14LX0065,3790.7695,18.531293666666667,73.92868966666667,0.65,1.1085798,50.5618,3.6548,2025-01-01 15:14:09.000,2025-01-01 15:13:24.156,1,798.5408346677186
98127622,MH14LL2853,2979.3325,18.4685205,73.85849816666666,14.53,33.928204,51.6945,4.0005,2025-01-01 15:14:09.000,2025-01-01 15:13:58.868,1,9508.857226713037
98127982,MH14LX0065,3790.7751,18.5312955,73.928727,1.22,1.1142207,50.9956,3.6536,2025-01-01 15:15:09.000,2025-01-01 15:14:44.156,1,802.4655115189955
98128001,MH14LL2853,2979.4014,18.468451833333333,73.85787,1.13,33.996914,51.9596,4.0005,2025-01-01 15:15:09.000,2025-01-01 15:14:58.868,1,9560.613507951894
98128359,MH14LX0065,3790.781,18.53127333333333,73.928726,1.56,1.1200668,50.3931,3.6525,2025-01-01 15:16:09.000,2025-01-01 15:15:44.156,1,801.9798366233608
98128379,MH14LL2853,2979.441,18.468569666666667,73.857574,7.77,34.036766,51.9355,4.0005,2025-01-01 15:16:09.000,2025-01-01 15:15:58.868,1,9573.219306211084
98128731,MH14LX0065,3790.79,18.5313425,73.92869483333334,0.13,1.129095,50.4654,3.6525,2025-01-01 15:17:09.000,2025-01-01 15:16:44.156,1,799.9477626677996
98128749,MH14LL2853,2979.5645,18.469615,73.85723833333333,0.63,34.160282,51.815,3.9993,2025-01-01 15:17:09.000,2025-01-01 15:16:58.868,1,9516.297095532913
98129094,MH14LL2853,2979.592,18.46973133333333,73.85722483333333,0.38,34.187725,51.4535,4.0016,2025-01-01 15:18:09.000,2025-01-01 15:17:58.868,1,9508.245702495924
98129478,MH14LL2853,2979.5981,18.469746166666667,73.8572355,0.58,34.19396,52.056,4.0016,2025-01-01 15:19:09.000,2025-01-01 15:18:58.868,1,9506.28996102709
98129840,MH14LL2853,2979.6013,18.46976533333333,73.85722033333333,0.83,34.19688,51.9355,4.0016,2025-01-01 15:20:09.000,2025-01-01 15:19:18.868,1,9505.936248014083
98129911,MH14LL6185,2094.217,18.58693,73.82351833333334,10.0,0.68092287,52.297,3.6079,2025-01-01 15:20:10.000,2025-01-01 15:19:22.322,1,12077.629073742371
98130260,MH14LL2853,2979.612,18.46980933333333,73.85720266666667,0.35,34.207584,52.056,4.0016,2025-01-01 15:21:11.000,2025-01-01 15:20:58.868,1,9503.838567081779
98130672,MH14LL6185,2094.253,18.58683333333333,73.82341166666667,1.09,0.716953,51.3089,3.6079,2025-01-01 15:22:10.000,2025-01-01 15:21:52.322,1,12081.6900680551
98130602,MH14LL2853,2979.6335,18.469795166666668,73.85731116666666,1.39,34.229,52.2488,4.0016,2025-01-01 15:22:10.000,2025-01-01 15:21:58.868,1,9496.794813204204
98130972,ZENPUN24056,4807.315,18.531147,73.92975183333333,1.5,1.1352783,54.3937,3.5493,2025-01-01 15:23:10.000,2025-01-01 15:22:46.202,1,907.3591954957434
98130973,MH14LL2853,2979.8518,18.471664,73.85670866666666,21.86,34.447144,52.1524,4.0005,2025-01-01 15:23:10.000,2025-01-01 15:22:58.868,1,9398.413081575283
98131046,MH14LL6185,2094.274,18.586871666666667,73.82341666666666,1.03,0.73789805,51.6463,3.6091,2025-01-01 15:23:10.000,2025-01-01 15:22:52.322,1,12083.441731969722
98131404,MH14LL6185,2094.2966,18.586751666666668,73.823585,2.44,0.7605689,51.7427,3.6079,2025-01-01 15:24:10.000,2025-01-01 15:23:52.323,1,12061.360472112763
98131340,MH14LL2853,2980.1543,18.474318666666665,73.85626816666667,0.56,34.749447,52.0801,4.0005,2025-01-01 15:24:10.000,2025-01-01 15:23:58.868,1,9232.926748538204
98131777,MH14LL6185,2094.3196,18.58694,73.8235,1.79,0.78348315,51.8873,3.6079,2025-01-01 15:25:10.000,2025-01-01 15:24:52.322,1,12079.857511281527
98131707,MH14LL2853,2980.206,18.474104,73.85637883333334,16.58,34.801292,52.2247,4.0016,2025-01-01 15:25:10.000,2025-01-01 15:24:58.868,1,9240.188731142593
98131725,MH14LX0059,4062.3855,18.481959166666662,73.94192166666667,0.17,0.3426107,51.3571,3.6478,2025-01-01 15:25:10.000,2025-01-01 15:24:50.892,1,5765.3966055670635
98132098,MH14LL2853,2980.619,18.470483166666668,73.857221,25.76,35.214184,50.7305,4.0016,2025-01-01 15:26:11.000,2025-01-01 15:25:58.868,1,9450.17244376497
98132116,MH14LX0059,4062.3904,18.4819435,73.94191066666667,0.2,0.34768292,51.7668,3.6478,2025-01-01 15:26:11.000,2025-01-01 15:25:50.892,1,5766.561084730861
98132439,MH14LL2853,2981.0466,18.46671033333333,73.857965,31.06,35.641956,50.9233,4.0005,2025-01-01 15:27:10.000,2025-01-01 15:26:58.868,1,9692.36254147034
98132458,MH14LX0059,4062.3936,18.4819365,73.94191583333334,0.11,0.35073462,52.2247,3.6466,2025-01-01 15:27:10.000,2025-01-01 15:26:50.892,1,5767.484856112718
98132471,MH14LL6169,2474.085,18.531055,73.929805,0.47,0.31173688,51.0438,4.1071,2025-01-01 15:27:10.000,2025-01-01 15:26:49.103,1,911.7668168885488
98132805,MH14LL2853,2981.5479,18.46221633333333,73.85821766666666,24.02,36.142883,50.8751,4.0028,2025-01-01 15:28:11.000,2025-01-01 15:27:58.868,1,10040.977896856553
98132823,MH14LX0059,4062.3962,18.48194983333333,73.94192183333334,0.23,0.35338196,52.056,3.6466,2025-01-01 15:28:11.000,2025-01-01 15:27:50.892,1,5766.359246408401
98133164,MH14LL2853,2981.9983,18.45818033333333,73.8582315,29.69,36.593513,50.2726,4.0028,2025-01-01 15:29:11.000,2025-01-01 15:28:58.868,1,10378.888677571811
98133183,MH14LX0059,4062.3997,18.481966166666663,73.9419175,0.09,0.35683408,51.9596,3.6478,2025-01-01 15:29:11.000,2025-01-01 15:28:50.892,1,5764.5128139660455
98133531,MH14LL2853,2982.2563,18.455899166666665,73.85865816666667,3.1,36.851395,51.092,4.0005,2025-01-01 15:30:11.000,2025-01-01 15:29:58.868,1,10545.680910469224
98133549,MH14LX0059,4062.4028,18.481954,73.9419175,0.06,0.35985407,51.7186,3.6466,2025-01-01 15:30:11.000,2025-01-01 15:29:50.892,1,5765.7590029892535
98154471,MH14LL2853,2992.0737,18.51038433333333,73.8690335,11.04,46.668087,51.3089,4.0028,2025-01-01 16:26:18.000,2025-01-01 16:25:58.868,1,5929.203029703056
98133918,MH14LL2853,2982.3027,18.455499666666668,73.85871383333334,1.88,36.89796,51.7909,4.0005,2025-01-01 15:31:11.000,2025-01-01 15:30:58.868,1,10576.516373765673
98134347,MH14LL2853,2982.315,18.455399,73.85871016666667,1.07,36.910088,51.9837,4.0016,2025-01-01 15:32:13.000,2025-01-01 15:31:58.868,1,10585.467049475428
98134689,MH14LX0065,3790.7913,18.5313375,73.9286835,0.36,1.130428,50.7546,3.6536,2025-01-01 15:33:11.000,2025-01-01 15:32:44.156,1,798.6766969956856
98134712,MH14LL2853,2982.3784,18.45487783333333,73.85871416666667,0.72,36.973484,52.0078,4.0005,2025-01-01 15:33:11.000,2025-01-01 15:32:58.868,1,10630.365155922946
98135070,MH14LX0065,3790.8232,18.5313285,73.92856216666667,1.05,1.1624184,50.61,3.6536,2025-01-01 15:34:11.000,2025-01-01 15:34:04.156,1,785.8762105329988
98135093,MH14LL2853,2982.3928,18.454753666666665,73.8587055,0.47,36.987545,52.0801,4.0005,2025-01-01 15:34:11.000,2025-01-01 15:33:58.868,1,10641.71043696595
98135465,MH14LX0065,3790.8247,18.531330666666666,73.92856716666667,0.01,1.1640264,51.1884,3.6536,2025-01-01 15:35:11.000,2025-01-01 15:34:24.156,1,786.4364576832472
98135487,MH14LL2853,2982.5232,18.45439933333333,73.85771383333334,13.8,37.11801,51.6222,4.0005,2025-01-01 15:35:11.000,2025-01-01 15:34:58.868,1,10737.602049271407
98135855,MH14LX0065,3790.8313,18.531291,73.92860783333333,0.3,1.1705757,50.6582,3.6525,2025-01-01 15:36:11.000,2025-01-01 15:35:44.156,1,789.9626065999665
98135872,MH14LL2853,2982.8682,18.454589,73.85445183333333,18.53,37.46305,51.0197,4.0005,2025-01-01 15:36:11.000,2025-01-01 15:35:58.868,1,10940.015847542847
98136270,MH14LX0065,3790.8408,18.531285166666667,73.92864766666666,0.45,1.1799893,50.6582,3.6525,2025-01-01 15:37:12.000,2025-01-01 15:36:44.156,1,794.0135495839373
98136289,MH14LL2853,2983.0293,18.45445583333333,73.852952,13.8,37.623928,51.5017,4.0005,2025-01-01 15:37:12.000,2025-01-01 15:36:58.868,1,11053.941448839878
98136653,ZMPUN24212,2466.1995,18.5313855,73.92874916666666,1.2,0.26698315,52.779,3.9747,2025-01-01 15:38:12.000,2025-01-01 15:36:50.187,1,806.3957669126107
98136660,MH14LX0065,3790.8499,18.5313585,73.92862533333333,0.26,1.1890601,50.8269,3.6525,2025-01-01 15:38:12.000,2025-01-01 15:37:44.156,1,793.0047604186852
98136679,MH14LL2853,2983.2483,18.45465083333333,73.85130683333334,21.29,37.84304,51.574,4.0005,2025-01-01 15:38:12.000,2025-01-01 15:37:58.868,1,11151.849592193716
98136692,ZMPUN24194,2433.455,18.53117883333333,73.92956883333333,1.84,8.004222,57.9846,3.9665,2025-01-01 15:38:12.000,2025-01-01 15:37:19.590,1,888.6228661471706
98137082,MH14LL2853,2983.3914,18.455888833333333,73.85095183333334,8.8,37.98616,51.7427,4.0016,2025-01-01 15:39:12.000,2025-01-01 15:38:58.868,1,11074.597096875752
98137446,MH14LL2853,2983.5276,18.4556995,73.849721,8.86,38.122322,51.5258,4.0016,2025-01-01 15:40:12.000,2025-01-01 15:39:58.868,1,11177.559831691202
98137450,MH14LL2857,2927.9766,18.5313755,73.92887883333333,0.48,0.43302688,48.8748,4.0473,2025-01-01 15:40:12.000,2025-01-01 15:38:47.687,1,819.7111507194763
98137837,MH14LL2853,2983.6865,18.455279333333333,73.84829633333334,7.78,38.281254,51.5981,4.0016,2025-01-01 15:41:12.000,2025-01-01 15:40:58.868,1,11313.773858190116
98138272,MH14LL2853,2983.782,18.454661,73.8477295,1.66,38.376842,51.9355,4.0016,2025-01-01 15:42:14.000,2025-01-01 15:41:58.868,1,11404.668400696162
98138611,MH14LL2853,2983.815,18.454519666666663,73.8476135,3.55,38.409637,51.9837,4.0005,2025-01-01 15:43:12.000,2025-01-01 15:42:58.868,1,11424.46983337325
98138990,MH14LL2853,2983.841,18.454697,73.847665,0.79,38.435795,51.9837,4.0005,2025-01-01 15:44:13.000,2025-01-01 15:43:58.868,1,11406.38632913433
98139412,MH14LL2853,2983.8474,18.454728666666668,73.84767066666667,1.66,38.442394,51.3571,4.0005,2025-01-01 15:45:13.000,2025-01-01 15:44:38.868,1,11403.411850741317
98139743,MH14LL2853,2983.8499,18.454731666666667,73.84766933333333,0.44,38.444626,51.9596,4.0005,2025-01-01 15:46:13.000,2025-01-01 15:45:38.868,1,11403.264608223899
98139768,MH14LX0059,4062.4097,18.48194033333333,73.94190883333333,0.16,0.36704466,51.0438,3.6478,2025-01-01 15:46:13.000,2025-01-01 15:46:10.892,1,5766.8121254959815
98140108,MH14LL2853,2983.8535,18.454753333333333,73.84768783333334,1.32,38.44837,51.8391,4.0016,2025-01-01 15:47:13.000,2025-01-01 15:46:18.868,1,11400.177679991668
98140137,MH14LX0059,4062.4116,18.4819405,73.94191783333333,0.2,0.36886644,52.297,3.6478,2025-01-01 15:47:13.000,2025-01-01 15:46:50.892,1,5767.155153002971
98140473,MH14LL2853,2983.876,18.454603166666665,73.84764816666667,0.43,38.470634,52.056,3.9981,2025-01-01 15:48:13.000,2025-01-01 15:47:58.868,1,11415.205158253633
98140502,MH14LX0059,4062.413,18.481945,73.941912,0.33,0.37038925,51.7427,3.6489,2025-01-01 15:48:13.000,2025-01-01 15:47:50.892,1,5766.460778543395
98140890,MH14LL2853,2983.888,18.45455983333333,73.8476025,0.94,38.482544,52.1283,3.9993,2025-01-01 15:49:14.000,2025-01-01 15:48:58.868,1,11422.002284693546
98140918,MH14LX0059,4062.4146,18.481941,73.9419245,0.09,0.3717841,51.7909,3.6466,2025-01-01 15:49:14.000,2025-01-01 15:48:50.892,1,5767.3707669637715
98141221,MH14LL2853,2983.9487,18.4550575,73.8477665,6.71,38.543404,51.5258,4.0005,2025-01-01 15:50:14.000,2025-01-01 15:49:58.868,1,11369.878444909331
98141246,MH14LX0059,4062.4167,18.481953666666666,73.94192333333334,0.07,0.37391922,52.0078,3.6466,2025-01-01 15:50:14.000,2025-01-01 15:49:50.892,1,5766.026667349188
98141593,MH14LL2853,2984.07,18.455665166666662,73.848713,5.27,38.664593,51.574,4.0016,2025-01-01 15:51:14.000,2025-01-01 15:50:58.868,1,11252.530723715245
98141617,MH14LX0059,4062.4204,18.481961833333333,73.941905,0.14,0.37760198,51.8632,3.6478,2025-01-01 15:51:14.000,2025-01-01 15:50:50.892,1,5764.456370801719
98154804,MH14LL2853,2992.2473,18.5098785,73.870586,3.66,46.84159,51.0438,4.0016,2025-01-01 16:27:18.000,2025-01-01 16:26:58.868,1,5798.618070509978
98141971,MH14LL2853,2984.2244,18.4565805,73.84977583333334,5.07,38.81859,51.7427,4.0016,2025-01-01 15:52:14.000,2025-01-01 15:51:58.869,1,11101.90628633938
98142309,MH14LL2853,2984.4058,18.4580915,73.85025616666667,19.18,39.00006,51.8873,4.0005,2025-01-01 15:53:13.000,2025-01-01 15:52:58.868,1,10944.9903615748
98142335,MH14LX0059,4062.4258,18.481941166666665,73.941915,0.23,0.38293263,52.2729,3.6466,2025-01-01 15:53:13.000,2025-01-01 15:53:10.892,1,5766.97348409649
98142663,MH14LX0065,3790.924,18.53092733333333,73.92868283333334,1.13,1.2634293,51.0679,3.6536,2025-01-01 15:54:14.000,2025-01-01 15:54:04.156,1,792.4511437199222
98142686,MH14LL2853,2984.6436,18.460042166666668,73.85110933333333,18.3,39.237667,51.8632,4.0005,2025-01-01 15:54:14.000,2025-01-01 15:53:58.868,1,10726.226612279206
98142710,MH14LX0059,4062.4277,18.4819465,73.94191666666667,0.26,0.38495612,52.2488,3.6466,2025-01-01 15:54:14.000,2025-01-01 15:53:50.892,1,5766.493872837747
98142762,MH14LL2804,498.30603,18.53139433333333,73.92957633333333,1.09,0.5541335,52.4175,3.9477,2025-01-01 15:54:14.000,2025-01-01 15:53:10.247,1,892.7525612338445
98143031,MH14LX0065,3790.9932,18.53138883333333,73.9286765,0.06,1.332485,51.1161,3.6536,2025-01-01 15:55:14.000,2025-01-01 15:55:04.156,1,798.8969873378732
98143051,MH14LL2853,2984.91,18.461916666666667,73.85263816666667,9.91,39.50413,51.8632,3.9993,2025-01-01 15:55:14.000,2025-01-01 15:54:58.868,1,10464.664170973952
98143078,MH14LX0059,4062.429,18.4819555,73.94191,0.17,0.3863184,51.4535,3.6466,2025-01-01 15:55:14.000,2025-01-01 15:54:50.892,1,5765.305191835516
98143392,MH14LX0065,3790.9973,18.531399333333333,73.92870716666667,0.55,1.336462,50.0075,3.6536,2025-01-01 15:56:14.000,2025-01-01 15:55:24.156,1,802.2858702245646
98143408,MH14LL2853,2985.1562,18.463571,73.85413933333334,12.54,39.7506,51.5258,4.0005,2025-01-01 15:56:14.000,2025-01-01 15:55:58.868,1,10222.759262567919
98143434,MH14LX0059,4062.4307,18.481963,73.94190766666667,0.24,0.38813943,51.574,3.6466,2025-01-01 15:56:14.000,2025-01-01 15:55:50.892,1,5764.443571886193
98143767,MH14LX0065,3791.0027,18.531366666666667,73.92872183333333,0.5,1.3420981,51.0197,3.6525,2025-01-01 15:57:14.000,2025-01-01 15:56:44.156,1,803.2013526778989
98143789,MH14LL2853,2985.3975,18.4654075,73.854961,9.41,39.99179,51.9596,4.0005,2025-01-01 15:57:14.000,2025-01-01 15:56:58.868,1,10016.355653942815
98143802,MH14LL2848,122.92862,18.531383833333333,73.92882983333334,0.68,0.23681849,52.4898,3.8727,2025-01-01 15:57:14.000,2025-01-01 15:56:45.550,1,814.7615428204479
98143812,MH14KU9028,3529.4294,18.474800833333333,73.88829966666667,0.31,0.13317306,52.3452,4.0028,2025-01-01 15:57:14.000,2025-01-01 15:56:32.576,1,7044.801666299009
98143817,MH14LX0059,4062.436,18.481959,73.94191566666667,0.09,0.3933279,51.6222,3.6466,2025-01-01 15:57:14.000,2025-01-01 15:56:50.892,1,5765.173477242886
98144162,MH14LX0065,3791.008,18.531372,73.92867916666667,0.38,1.3472786,51.1161,3.6536,2025-01-01 15:58:14.000,2025-01-01 15:57:44.156,1,798.8588622667751
98144183,MH14LL2853,2985.641,18.466020166666667,73.857132,15.16,40.23521,51.9355,3.9993,2025-01-01 15:58:14.000,2025-01-01 15:57:58.868,1,9808.356751293057
98144210,MH14KU9028,3529.4358,18.4748025,73.88832633333334,0.05,0.13953184,52.4175,4.0028,2025-01-01 15:58:14.000,2025-01-01 15:57:32.576,1,7043.251933028644
98144217,MH14LX0059,4062.4397,18.48196083333333,73.94190683333333,0.22,0.39695546,51.7186,3.6466,2025-01-01 15:58:14.000,2025-01-01 15:57:50.892,1,5764.632163599793
98144553,MH14LX0065,3791.0154,18.5313135,73.92870416666666,0.34,1.3546644,50.7305,3.6525,2025-01-01 15:59:14.000,2025-01-01 15:58:44.156,1,800.4006379514498
98144574,MH14LL2853,2985.9119,18.467944666666668,73.85767266666667,2.81,40.505802,51.6463,3.9981,2025-01-01 15:59:14.000,2025-01-01 15:58:58.868,1,9615.336388239011
98144598,MH14KU9028,3529.4385,18.47482083333333,73.88832033333334,0.48,0.14226061,52.2247,4.0016,2025-01-01 15:59:14.000,2025-01-01 15:58:32.576,1,7041.799229770254
98144937,MH14LL2859,2598.1597,18.531980333333333,73.91659416666667,0.53,2.011924,51.9837,4.0157,2025-01-01 16:00:15.000,2025-01-01 15:59:19.478,1,528.5243010156919
98144941,MH14LL2853,2985.9907,18.468435166666666,73.85804616666667,7.95,40.5849,51.9596,3.9993,2025-01-01 16:00:15.000,2025-01-01 15:59:58.868,1,9548.924791799123
98144965,MH14KU9028,3529.4436,18.474833333333333,73.88830183333333,0.56,0.14727047,52.1042,4.0016,2025-01-01 16:00:15.000,2025-01-01 15:59:32.576,1,7041.5600141044815
98145345,MH14LL2853,2986.298,18.4689705,73.86089416666667,13.95,40.892014,51.4053,3.9993,2025-01-01 16:01:15.000,2025-01-01 16:00:58.868,1,9298.022188273493
98145689,MH14LL2853,2986.5955,18.469113,73.8637075,16.75,41.18942,51.3089,3.9993,2025-01-01 16:02:15.000,2025-01-01 16:01:58.868,1,9085.299054937304
98146070,MH14LL2853,2986.828,18.471171666666667,73.863547,0.6,41.421932,51.6463,3.9981,2025-01-01 16:03:15.000,2025-01-01 16:02:58.868,1,8928.66339354267
98146456,MH14LL2853,2986.9434,18.472100166666667,73.8632155,22.28,41.537003,50.7305,4.0005,2025-01-01 16:04:16.000,2025-01-01 16:03:58.868,1,8877.896955717844
98146460,MH14LL2858,2519.4736,18.531598666666667,73.92949216666666,1.85,3.6586664,52.056,4.0028,2025-01-01 16:04:16.000,2025-01-01 16:03:27.106,1,887.7549110909149
98146818,MH14LL2853,2987.2764,18.4749865,73.86242383333334,0.78,41.869987,51.4053,3.9993,2025-01-01 16:05:15.000,2025-01-01 16:04:58.868,1,8708.825679953501
98147170,MH14LL2853,2987.4712,18.476731333333333,73.86224783333333,30.05,42.065136,51.4294,3.9993,2025-01-01 16:06:15.000,2025-01-01 16:05:58.868,1,8587.95344136576
98147548,MH14LL2853,2987.668,18.478405833333333,73.86164566666666,0.46,42.26205,51.6463,4.0016,2025-01-01 16:07:15.000,2025-01-01 16:06:58.868,1,8508.283377778132
98147894,MH14LL2853,2987.8918,18.480356333333333,73.8612725,24.22,42.485996,51.1643,3.9993,2025-01-01 16:08:16.000,2025-01-01 16:07:58.869,1,8394.108259003599
98148268,MH14LL2853,2988.1536,18.48215083333333,73.8623845,20.33,42.747414,50.9956,4.0005,2025-01-01 16:09:15.000,2025-01-01 16:08:58.868,1,8175.412774686313
98148620,MH14LL2853,2988.447,18.483873166666665,73.86401716666667,24.56,43.041016,51.2607,3.9993,2025-01-01 16:10:15.000,2025-01-01 16:09:58.868,1,7920.526287304844
98148971,MH14LL2853,2988.7432,18.485106833333333,73.86581966666667,13.68,43.33751,51.4053,3.9993,2025-01-01 16:11:16.000,2025-01-01 16:10:58.868,1,7687.048474734977
98148985,MH14LL2840,2347.0818,18.53143366666667,73.928636,0.69,0.22603603,48.7302,3.9946,2025-01-01 16:11:16.000,2025-01-01 16:10:46.943,1,795.549717996075
98149333,MH14LL2853,2988.9153,18.485943,73.866963,18.88,43.509556,51.3812,4.0005,2025-01-01 16:12:16.000,2025-01-01 16:11:58.868,1,7535.119944236929
98149685,MH14LL2853,2989.2073,18.486531,73.86966183333334,23.49,43.80162,51.2607,4.0005,2025-01-01 16:13:16.000,2025-01-01 16:12:58.868,1,7277.406952391877
98150055,MH14LL2853,2989.4612,18.488188166666667,73.87034616666666,19.5,44.05558,50.7305,4.0005,2025-01-01 16:14:16.000,2025-01-01 16:13:58.869,1,7102.174690114191
98150071,MH14LX0059,4062.461,18.481955,73.94190933333333,0.24,0.41806263,51.9114,3.6478,2025-01-01 16:14:16.000,2025-01-01 16:14:10.892,1,5765.329731546565
98150388,MH14LX0065,3791.0225,18.531288166666663,73.928725,0.25,1.3617333,50.4172,3.6525,2025-01-01 16:15:16.000,2025-01-01 16:15:04.156,1,802.1299572357337
98150409,MH14LL2853,2989.6133,18.48951333333333,73.87003383333334,19.43,44.207497,51.5499,4.0016,2025-01-01 16:15:16.000,2025-01-01 16:14:58.868,1,7032.415185713617
98150430,MH14LX0059,4062.4646,18.48196383333333,73.94191733333334,0.12,0.42144018,51.2607,3.6478,2025-01-01 16:15:16.000,2025-01-01 16:14:50.892,1,5764.74513319776
98150855,MH14LL2803,369.35837,18.53132833333333,73.928662,1.66,0.9204733,52.4416,4.1024,2025-01-01 16:16:16.000,2025-01-01 16:15:35.859,1,796.2715709085965
98150777,MH14LL2853,2989.7893,18.491029166666667,73.869605,0.4,44.383385,51.333,4.0016,2025-01-01 16:16:16.000,2025-01-01 16:15:58.868,1,6961.65988079264
98150796,MH14LX0059,4062.4675,18.481956166666667,73.9419115,0.34,0.42433766,52.2729,3.6478,2025-01-01 16:16:16.000,2025-01-01 16:15:50.892,1,5765.296930137849
98151160,MH14LL2853,2989.794,18.4910335,73.86958716666666,0.29,44.388294,50.4895,4.0028,2025-01-01 16:17:16.000,2025-01-01 16:16:58.868,1,6962.835947099984
98151177,MH14LX0059,4062.4692,18.48196633333333,73.94191566666667,0.12,0.42597505,51.7668,3.6466,2025-01-01 16:17:16.000,2025-01-01 16:16:50.892,1,5764.422345836147
98151528,MH14LL2853,2989.803,18.49104533333333,73.86958916666667,0.43,44.39743,51.0679,4.0005,2025-01-01 16:18:16.000,2025-01-01 16:17:58.868,1,6961.855865571596
98151546,MH14LX0059,4062.4714,18.481963333333333,73.94192283333334,0.06,0.4282317,51.6704,3.6466,2025-01-01 16:18:16.000,2025-01-01 16:17:50.892,1,5765.016558204881
98151915,MH14LL2853,2990.1057,18.493732833333333,73.86924833333333,27.27,44.70025,51.0438,4.0016,2025-01-01 16:19:17.000,2025-01-01 16:18:58.868,1,6809.816003259982
98151941,MH14LX0059,4062.4744,18.481953166666667,73.94192116666666,0.11,0.43107224,52.0319,3.6466,2025-01-01 16:19:17.000,2025-01-01 16:18:50.892,1,5765.991137154696
98152263,MH14LL2853,2990.563,18.497840666666665,73.869311,30.22,45.157497,51.574,4.0028,2025-01-01 16:20:17.000,2025-01-01 16:19:58.868,1,6545.282631407417
98152635,MH14LL2853,2990.9995,18.50173983333333,73.86916983333333,20.0,45.593998,51.574,4.0016,2025-01-01 16:21:17.000,2025-01-01 16:20:58.868,1,6332.641237658257
98153002,MH14LL2853,2991.3003,18.504406166666666,73.86868116666666,3.63,45.89498,51.333,4.0005,2025-01-01 16:22:17.000,2025-01-01 16:21:58.868,1,6237.1639375876075
98153371,MH14LL2853,2991.5388,18.506544833333333,73.86857316666666,24.84,46.13347,51.3089,4.0016,2025-01-01 16:23:18.000,2025-01-01 16:22:58.868,1,6142.886747219842
98155190,MH14LL2853,2992.4302,18.509835166666665,73.87217966666667,14.72,47.02439,51.092,4.0016,2025-01-01 16:28:18.000,2025-01-01 16:27:58.868,1,5645.7472644235995
98155545,MH14LL2853,2992.745,18.51260183333333,73.87155616666666,19.74,47.339195,51.1402,4.0028,2025-01-01 16:29:18.000,2025-01-01 16:28:58.868,1,5592.518871672777
98155910,MH14LL2853,2993.013,18.514997333333334,73.87128733333333,13.92,47.60732,51.333,4.0028,2025-01-01 16:30:18.000,2025-01-01 16:29:58.868,1,5533.01298214126
98156307,MH14LL2853,2993.2556,18.517171666666663,73.871327,14.62,47.849834,51.1402,4.0016,2025-01-01 16:31:19.000,2025-01-01 16:30:58.868,1,5460.764402835632
98156350,MH14LL6169,2474.1284,18.531111666666668,73.93012166666666,1.51,0.35532153,52.0078,4.1059,2025-01-01 16:31:19.000,2025-01-01 16:30:49.103,1,945.6893424189367
98156653,MH14LL2853,2993.4548,18.51878083333333,73.8711,1.47,48.049194,51.0679,4.0016,2025-01-01 16:32:18.000,2025-01-01 16:31:58.868,1,5439.898438449866
98156694,MH14LL6169,2474.3308,18.53003333333333,73.93107,3.93,0.5576517,52.1283,4.1059,2025-01-01 16:32:18.000,2025-01-01 16:31:49.103,1,1039.99885815547
98157036,MH14LL2853,2993.4697,18.51884933333333,73.87102283333333,0.0,48.064312,51.4053,4.0005,2025-01-01 16:33:18.000,2025-01-01 16:32:58.868,1,5446.076673960433
98157418,MH14LL2853,2993.4697,18.51884933333333,73.87102283333333,0.0,48.064312,51.5981,4.0005,2025-01-01 16:34:19.000,2025-01-01 16:33:58.868,1,5446.076673960433
98157452,MH14LL6169,2474.4412,18.530511666666666,73.93048833333333,1.39,0.6681082,52.056,4.1048,2025-01-01 16:34:19.000,2025-01-01 16:33:49.103,1,979.2757412432144
98157791,MH14LL2853,2993.4697,18.51884933333333,73.87102283333333,0.0,48.064312,51.6463,4.0016,2025-01-01 16:35:18.000,2025-01-01 16:34:58.868,1,5446.076673960433
98157813,MH14LX0059,4062.482,18.48193716666667,73.94190266666666,0.13,0.4386866,52.3452,3.6478,2025-01-01 16:35:18.000,2025-01-01 16:35:10.892,1,5766.889872615444
98158180,MH14LX0065,3791.0264,18.53127433333333,73.92869383333333,0.52,1.3654282,50.6341,3.6536,2025-01-01 16:36:19.000,2025-01-01 16:36:04.156,1,798.6413553286321
98158201,MH14LL2853,2993.4697,18.51884933333333,73.87102283333333,0.0,48.064312,52.4657,4.0005,2025-01-01 16:36:19.000,2025-01-01 16:35:58.868,1,5446.076673960433
98158223,MH14LX0059,4062.484,18.481948666666668,73.94191483333333,0.01,0.44071153,52.2006,3.6478,2025-01-01 16:36:19.000,2025-01-01 16:35:50.892,1,5766.198567409418
98158527,MH14LX0065,3791.0317,18.531252666666667,73.92871666666667,0.88,1.3708355,49.5978,3.6536,2025-01-01 16:37:19.000,2025-01-01 16:36:44.156,1,800.6567411616966
98158547,ZENPUN24056,4807.3413,18.531240166666667,73.92989166666666,1.87,1.1619759,57.8882,3.5505,2025-01-01 16:37:19.000,2025-01-01 16:36:26.202,1,923.2983878679472
98158548,MH14LL2853,2993.4697,18.51884933333333,73.87102283333333,0.0,48.064312,52.6344,4.0005,2025-01-01 16:37:19.000,2025-01-01 16:36:18.868,1,5446.076673960433
98158572,MH14LX0059,4062.4868,18.481971166666668,73.94191766666667,0.16,0.44338712,51.7668,3.6478,2025-01-01 16:37:19.000,2025-01-01 16:36:50.892,1,5764.0073679308325
98158910,MH14LL2853,2993.4697,18.51884933333333,73.87102283333333,0.0,48.064312,52.779,4.0005,2025-01-01 16:38:19.000,2025-01-01 16:37:18.868,1,5446.076673960433
98158934,MH14LX0059,4062.4912,18.481958833333334,73.94191783333333,0.04,0.44799593,51.7427,3.6478,2025-01-01 16:38:19.000,2025-01-01 16:37:50.892,1,5765.277279981496
98159313,MH14LX0059,4062.494,18.48196433333333,73.94191783333333,0.26,0.45076436,51.8391,3.6454,2025-01-01 16:39:20.000,2025-01-01 16:38:50.892,1,5764.713938080753
98159661,MH14LX0059,4062.4963,18.48196233333333,73.941921,0.14,0.45309907,51.9355,3.6466,2025-01-01 16:40:19.000,2025-01-01 16:39:50.892,1,5765.045571726914
98159999,ZMPUN24212,2466.209,18.531365,73.92878366666666,0.65,0.27659494,52.8754,3.9735,2025-01-01 16:41:20.000,2025-01-01 16:40:50.234,1,809.6089610829075
98160003,MH14LX0065,3791.0557,18.531397666666667,73.92864016666667,0.26,1.3947415,50.8751,3.6525,2025-01-01 16:41:20.000,2025-01-01 16:40:44.156,1,795.2854011190038
98160361,MH14LX0065,3791.059,18.531382,73.928661,0.49,1.3979695,50.7787,3.6525,2025-01-01 16:42:19.000,2025-01-01 16:41:44.156,1,797.1555623584727
98161508,MH14LL2857,2927.9932,18.53145483333333,73.928785,1.59,0.44981307,52.1524,4.0485,2025-01-01 16:45:19.000,2025-01-01 16:44:42.789,1,811.4478073174884
98163422,MH14LL2803,369.40277,18.531458333333333,73.92872883333334,0.96,0.96488684,52.7549,4.1036,2025-01-01 16:50:20.000,2025-01-01 16:49:37.456,1,805.6809033285318
98165614,MH14LX0059,4062.5247,18.481943333333334,73.94193683333333,0.14,0.48170173,51.5258,3.6478,2025-01-01 16:56:21.000,2025-01-01 16:56:10.892,1,5767.625620667137
98165959,MH14LX0065,3791.0596,18.531376666666667,73.92866016666666,0.3,1.398569,50.369,3.6548,2025-01-01 16:57:21.000,2025-01-01 16:57:04.156,1,796.9687166044059
98165999,MH14LX0059,4062.5286,18.481965666666667,73.94193133333333,0.06,0.48543176,52.0801,3.6478,2025-01-01 16:57:21.000,2025-01-01 16:57:10.892,1,5765.11801569004
98166337,ZENPUN24056,4807.3745,18.531072166666668,73.92982383333333,2.8,1.195098,57.9364,3.5493,2025-01-01 16:58:22.000,2025-01-01 16:57:26.202,1,913.9519427914564
98166359,MH14LX0059,4062.53,18.481968666666667,73.94192466666667,0.13,0.48694688,52.297,3.6489,2025-01-01 16:58:22.000,2025-01-01 16:58:10.892,1,5764.543735593869
98166409,MH14LL2804,498.34467,18.53109783333333,73.9296445,2.26,0.59276074,52.2006,3.9477,2025-01-01 16:58:22.000,2025-01-01 16:57:35.552,1,895.4618259299463
98166717,MH14LX0059,4062.5317,18.481957666666663,73.94193366666667,0.23,0.48864597,52.2006,3.6489,2025-01-01 16:59:21.000,2025-01-01 16:58:50.892,1,5766.030807028465
98167044,MH14LX0065,3791.0708,18.5313445,73.92866683333334,0.28,1.4097782,49.1881,3.6548,2025-01-01 17:00:21.000,2025-01-01 16:59:44.156,1,797.0680148462717
98167089,MH14LX0059,4062.5334,18.48196633333333,73.94192316666667,0.22,0.4904803,52.1042,3.6489,2025-01-01 17:00:21.000,2025-01-01 16:59:50.892,1,5764.722642966729
98167453,MH14LL2848,122.95674,18.5312005,73.92870483333333,0.81,0.26494136,52.297,3.8727,2025-01-01 17:01:21.000,2025-01-01 17:00:45.550,1,798.5668666246185
98167467,MH14KU9028,3529.4458,18.474832666666668,73.88830583333333,0.06,0.1495118,52.3693,4.0016,2025-01-01 17:01:21.000,2025-01-01 17:00:32.576,1,7041.415667649466
98167473,MH14LX0059,4062.535,18.48197633333333,73.941914,0.32,0.49195373,51.9355,3.6478,2025-01-01 17:01:21.000,2025-01-01 17:00:50.892,1,5763.331370304923
98167838,MH14KU9028,3529.4692,18.474830333333333,73.88836766666667,4.52,0.17293921,52.4175,4.0005,2025-01-01 17:02:22.000,2025-01-01 17:01:32.576,1,7038.419437382203
98168211,MH14KU9028,3529.4744,18.474851333333334,73.88834733333333,2.13,0.17804326,52.2729,4.0016,2025-01-01 17:03:21.000,2025-01-01 17:02:32.576,1,7037.455959773704
98168554,MH14LL2859,2598.168,18.532049333333333,73.91657033333334,0.4,2.0202415,51.9596,4.0145,2025-01-01 17:04:22.000,2025-01-01 17:03:19.478,1,533.8001527124834
98168579,MH14KU9028,3529.4836,18.474807166666668,73.88830416666667,1.55,0.18758708,52.0801,4.0028,2025-01-01 17:04:22.000,2025-01-01 17:03:32.576,1,7043.95742185981
98170201,MH14LL2858,2519.5225,18.5311815,73.929634,2.49,3.7074075,51.6463,4.0028,2025-01-01 17:08:23.000,2025-01-01 17:07:27.343,1,895.485245194202
98172696,MH14LL2840,2347.0923,18.531385333333333,73.92870183333334,0.67,0.23661283,48.8507,3.9934,2025-01-01 17:15:23.000,2025-01-01 17:14:46.942,1,801.4669395067226
98173437,MH14LL2840,2347.1108,18.53134533333333,73.92867183333334,0.55,0.25523075,49.4291,3.9958,2025-01-01 17:17:23.000,2025-01-01 17:16:41.752,1,797.6039139138162
98173446,MH14LX0059,4062.5437,18.481980333333333,73.94193566666667,0.07,0.50068957,52.3452,3.6478,2025-01-01 17:17:23.000,2025-01-01 17:17:10.892,1,5763.789611875423
98173759,MH14LX0065,3791.0752,18.531331666666667,73.92868266666666,0.48,1.4143414,50.6582,3.6548,2025-01-01 17:18:23.000,2025-01-01 17:18:04.156,1,798.4845798559123
98173776,MH14LL2859,2598.1733,18.532016,73.91655916666667,0.39,2.025407,49.6219,4.0157,2025-01-01 17:18:23.000,2025-01-01 17:17:19.478,1,533.4514738699727
98173794,MH14LL2840,2347.1135,18.531328666666667,73.928672,0.33,0.2580316,49.6701,3.9934,2025-01-01 17:18:23.000,2025-01-01 17:17:41.752,1,797.3193491217086
98173803,MH14LX0059,4062.5464,18.481985166666668,73.941944,0.24,0.5036088,52.3452,3.6489,2025-01-01 17:18:23.000,2025-01-01 17:18:10.892,1,5763.628703375294
98174230,MH14LX0059,4062.5474,18.4819885,73.94193983333334,0.18,0.50425726,52.0078,3.6478,2025-01-01 17:19:24.000,2025-01-01 17:19:10.892,1,5763.120319116854
98174612,MH14LX0059,4062.5505,18.48198333333333,73.94193916666667,0.25,0.50760764,51.9837,3.6501,2025-01-01 17:20:24.000,2025-01-01 17:19:50.892,1,5763.622676446722
